市区町村コード,市区町村名,総65歳以上人口,圏外65歳以上人口_変種A,圏外率_変種A,圏外65歳以上人口_supermarketのみ,圏外65歳以上人口_変種C125,圏外率_変種C125,農水省_困難人口割合,農水省_困難人口,比_農水省÷変種A,比_農水省÷変種C125
32527,知夫村,278,278,1.0,278,278,1.0,0.6625,188.0,0.663,0.663
39364,大川村,143,143,1.0,143,143,1.0,0.4085,61.0,0.408,0.408
39427,三原村,683,671,0.9824,683,671,0.9824,0.2802,189.0,0.285,0.285
39387,仁淀川町,2673,2584,0.9667,2673,2377,0.8893,0.3893,1045.0,0.403,0.438
32525,海士町,893,859,0.9619,859,839,0.9395,0.5541,501.0,0.576,0.59
32449,邑南町,4584,4327,0.9439,4371,3794,0.8277,0.3778,1731.0,0.4,0.456
32505,吉賀町,2710,2509,0.9258,2647,2044,0.7542,0.4045,1100.0,0.437,0.536
04302,七ヶ宿町,586,541,0.9232,586,523,0.8925,0.4212,246.0,0.456,0.472
32448,美郷町,2071,1880,0.9078,1880,1847,0.8918,0.3682,767.0,0.406,0.413
32386,飯南町,2116,1919,0.9069,1919,1646,0.7779,0.2904,614.0,0.32,0.373
39344,大豊町,1897,1708,0.9004,1828,1587,0.8366,0.4295,819.0,0.477,0.513
04422,大郷町,3029,2712,0.8953,3029,2241,0.7398,0.1664,502.0,0.186,0.225
32526,西ノ島町,1262,1123,0.8899,1123,1044,0.8273,0.546,704.0,0.614,0.66
04341,丸森町,5314,4699,0.8843,5076,4322,0.8133,0.2378,1259.0,0.269,0.292
32343,奥出雲町,5132,4516,0.88,5046,4349,0.8474,0.3015,1547.0,0.343,0.356
39405,檮原町,1542,1352,0.8768,1385,1146,0.7432,0.3783,579.0,0.432,0.509
04424,大衡村,1720,1497,0.8703,1720,1230,0.7151,0.1886,322.0,0.217,0.264
39304,安田町,1102,949,0.8612,1102,732,0.6642,0.3448,373.0,0.4,0.519
39412,四万十町,6990,5913,0.8459,6445,5240,0.7496,0.2755,1923.0,0.326,0.368
39424,大月町,2146,1810,0.8434,2045,1759,0.8197,0.3136,682.0,0.372,0.383
39306,馬路村,305,257,0.8426,257,201,0.659,0.2598,79.0,0.308,0.394
32209,雲南市,14418,12138,0.8419,13263,10714,0.7431,0.2238,3228.0,0.266,0.301
04301,蔵王町,4377,3677,0.8401,4060,3119,0.7126,0.2242,979.0,0.267,0.315
39411,津野町,2390,2005,0.8389,2380,1746,0.7305,0.2385,570.0,0.284,0.327
04606,南三陸町,4619,3855,0.8346,4441,3203,0.6934,0.2522,1187.0,0.302,0.364
32528,隠岐の島町,5517,4604,0.8345,5219,3433,0.6223,0.4601,2563.0,0.551,0.739
39305,北川村,493,409,0.8296,493,362,0.7343,0.3023,153.0,0.364,0.412
32205,大田市,13196,10761,0.8155,11486,9140,0.6926,0.3334,4422.0,0.409,0.481
32501,津和野町,3348,2713,0.8103,2713,2494,0.7449,0.4121,1375.0,0.509,0.553
32204,益田市,17014,13677,0.8039,15271,10457,0.6146,0.3179,5410.0,0.396,0.517
04362,山元町,4944,3947,0.7983,4823,2954,0.5975,0.2718,1344.0,0.34,0.455
04212,登米市,27022,21509,0.796,25027,17689,0.6546,0.2047,5518.0,0.257,0.313
39307,芸西村,1401,1112,0.7937,1197,874,0.6238,0.2648,394.0,0.334,0.425
32206,安来市,13834,10947,0.7913,12534,8097,0.5853,0.2208,3055.0,0.279,0.377
39211,香南市,10513,8300,0.7895,9310,6199,0.5897,0.2298,2402.0,0.291,0.39
32441,川本町,1458,1151,0.7894,1304,1005,0.6893,0.3667,525.0,0.465,0.532
04324,川崎町,3213,2535,0.789,3099,1919,0.5973,0.2015,647.0,0.255,0.337
32207,江津市,9012,7105,0.7884,8085,5172,0.5739,0.3404,3067.0,0.432,0.593
04213,栗原市,26139,20602,0.7882,23824,16388,0.627,0.2297,6018.0,0.291,0.366
04444,色麻町,2339,1820,0.7781,2262,1588,0.6789,0.1791,420.0,0.23,0.264
04581,女川町,2336,1786,0.7646,2065,1095,0.4688,0.3776,881.0,0.494,0.806
39341,本山町,1563,1191,0.762,1310,809,0.5176,0.3137,489.0,0.412,0.606
04322,村田町,3762,2860,0.7602,3512,1931,0.5133,0.2386,903.0,0.314,0.465
32202,浜田市,19395,14735,0.7597,17195,11376,0.5865,0.3446,6702.0,0.454,0.588
39410,日高村,2080,1574,0.7567,1945,839,0.4034,0.1775,368.0,0.235,0.44
39202,室戸市,5997,4511,0.7522,5663,3960,0.6603,0.3316,2003.0,0.441,0.502
04361,亘理町,10389,7749,0.7459,9436,4895,0.4712,0.2355,2446.0,0.316,0.5
39301,東洋町,1110,811,0.7306,967,221,0.1991,0.4459,498.0,0.61,2.24
39208,宿毛市,7330,5285,0.721,7076,3751,0.5117,0.2467,1817.0,0.342,0.482
39203,安芸市,6643,4770,0.718,5851,3855,0.5803,0.2816,1869.0,0.392,0.485
32203,出雲市,51880,36978,0.7128,44187,25153,0.4848,0.2499,12980.0,0.351,0.515
04208,角田市,9980,7093,0.7107,8413,5475,0.5486,0.2144,2147.0,0.302,0.391
04421,大和町,6577,4665,0.7093,5764,2439,0.3708,0.2583,1679.0,0.364,0.696
39303,田野町,1039,737,0.7093,816,196,0.1886,0.2095,222.0,0.295,1.111
04505,美里町,8568,6068,0.7082,8004,4072,0.4753,0.2642,2258.0,0.373,0.556
39402,佐川町,5039,3564,0.7073,4132,2634,0.5227,0.2208,1117.0,0.312,0.422
39386,いの町,8413,5888,0.6999,7584,3520,0.4184,0.193,1622.0,0.276,0.461
39210,四万十市,12010,8302,0.6913,10096,6030,0.5021,0.251,3017.0,0.363,0.5
04406,利府町,8624,5933,0.688,7336,3980,0.4615,0.21,1816.0,0.305,0.455
04501,涌谷町,5767,3897,0.6757,5246,2972,0.5153,0.226,1310.0,0.335,0.439
39428,黒潮町,4568,3083,0.6749,3944,1927,0.4218,0.272,1255.0,0.403,0.645
39204,南国市,14857,10018,0.6743,13803,7236,0.487,0.2081,3091.0,0.309,0.427
04206,白石市,11663,7817,0.6702,10048,5846,0.5012,0.2405,2802.0,0.359,0.48
04205,気仙沼市,23398,15435,0.6597,20672,11892,0.5082,0.2876,6741.0,0.436,0.566
39401,中土佐町,2882,1881,0.6527,1941,1539,0.534,0.2755,798.0,0.422,0.516
04445,加美町,8142,5291,0.6498,6914,3979,0.4887,0.2007,1633.0,0.309,0.411
04215,大崎市,38725,24937,0.644,33231,16657,0.4301,0.2492,9654.0,0.387,0.579
39403,越知町,2448,1571,0.6417,1650,983,0.4016,0.2633,643.0,0.41,0.656
39209,土佐清水市,6133,3764,0.6137,5045,3199,0.5216,0.3198,2002.0,0.521,0.613
39363,土佐町,1802,1105,0.6132,1133,839,0.4656,0.2306,415.0,0.376,0.495
32201,松江市,59428,35530,0.5979,46945,22589,0.3801,0.2661,15831.0,0.445,0.7
39212,香美市,10100,5960,0.5901,8279,4347,0.4304,0.325,3290.0,0.551,0.755
04214,東松島市,11608,6843,0.5895,9896,3785,0.3261,0.2627,3044.0,0.446,0.806
39206,須崎市,8368,4889,0.5842,7861,4097,0.4896,0.263,2198.0,0.45,0.537
04207,名取市,18105,10426,0.5759,14942,4935,0.2726,0.2264,4048.0,0.393,0.831
39205,土佐市,9413,5359,0.5693,8329,3727,0.3959,0.1855,1755.0,0.326,0.468
04323,柴田町,11001,6175,0.5613,9030,3091,0.281,0.2327,2567.0,0.415,0.828
39302,奈半利町,1404,782,0.557,1397,661,0.4708,0.3658,519.0,0.657,0.777
04202,石巻市,46478,25679,0.5525,37506,14504,0.3121,0.2411,11213.0,0.436,0.773
04401,松島町,5189,2807,0.541,4766,1532,0.2952,0.2977,1552.0,0.55,1.008
04404,七ヶ浜町,5666,3030,0.5348,5190,2152,0.3798,0.2545,1436.0,0.476,0.67
04321,大河原町,6568,3128,0.4762,5644,1040,0.1583,0.2221,1448.0,0.466,1.403
04203,塩竈市,17820,7461,0.4187,14982,2351,0.1319,0.261,4614.0,0.623,1.978
04216,富谷市,10994,4518,0.411,9053,1275,0.116,0.233,2597.0,0.567,2.009
04211,岩沼市,11739,4751,0.4047,10579,2267,0.1931,0.1994,2344.0,0.493,1.032
04100,仙台市,256987,91173,0.3548,183463,29280,0.1139,0.2791,71785.0,0.787,2.449
39201,高知市,95899,33901,0.3535,66988,14640,0.1527,0.2081,19955.0,0.589,1.363
04209,多賀城市,15429,5447,0.353,12396,920,0.0596,0.2527,3914.0,0.716,4.237
